Name,ApplyLink,Eligibility,Stream,Mode,Amount,Address,Status
,,,,,,,
,,,,,,,
Foundation For Excellence (FFE),https://ffe.org/scholarships/,Undergraduate Students With Highest Scores,"Diploma, UG, PG, Professional (MBBS, BE/BTech, etc.)",online,"Up to Rs. 60,000 p.a.",,
Shraman Foundation Scholarship,https://www.shraman.org/scholarships,UG student enrolled into any IIT,"Diploma, UG, PG, Professional (MBBS, BE/BTech, etc.)",online,"Up to Rs. 70,000 p.a.",,
Tata Aig Girls Scholarship,https://tataaigcsr-avantifellows.org/,"Students From Arunachal Pradesh, Assam, Manipur, Meghalaya, Mizoram, Nagaland, Sikkim, Tripura, Bihar, Jharkhand, Punjab, Jammu & Kashmir, and Odisha.",Only Girls ,online,"Rs 80,000 to Rs. 1,60,000 p.a.",,
SDEF – Swami Dayanand Education,https://www.swamidayanand.org/scholarship-india,Student Must Have 65% or above Marks in 12th / CGPA of at least 6.5.,"Engineering, Medical, Architecture,& Other
undergraduate courses.",online,"Up to 50,000 p.a.",,
ONGC Foundation scholarship,https://ongcscholar.org/#/,"General, SC-ST,OBC& EWS Students & income below 2 lakh","UG,PG,Professional (MBBS,Engineering,MBA)",online,"48,000",,Available
GOI Post Matric Scholarship SC,https://mahadbt.maharashtra.gov.in/,SC students income below 2.5 lakh,"Diploma, UG, PG, Professional (MBBS, BE/BTech, etc.)",online,₹230 – ₹1200/month + fees,,Available
Post Matric Freeship SC,https://mahadbt.maharashtra.gov.in/SchemeData/SchemeData?str=E9DDFA703C38E51AE0CB048159E784170A4F3BD768B3A64E4772B0EF7B9990B2,SC students Maharashtra resident,"Diploma, UG, PG, Professional",online,Full tuition + exam fees,,Available
Post Matric Scholarship OBC,https://mahadbt.maharashtra.gov.in/SchemeData/SchemeData?str=E9DDFA703C38E51AB02E984835E89FEFDB316E301CE6A991F41C5D42B01A7D7E,OBC students income below 1 lakh,"Diploma, UG, PG, Professional",online,₹160 – ₹750/month + fees,,Available
Post Matric Scholarship VJNT,https://mahadbt.maharashtra.gov.in/SchemeData/SchemeData?str=E9DDFA703C38E51AFD83FFC8C5199983E26D3BE9645241F26E1947ED73B2823D,VJNT students,"Diploma, UG, PG, Professional",online,₹160 – ₹750/month + fees,,Available
Tuition Fee and Exam Fee OBC,https://mahadbt.maharashtra.gov.in/SchemeData/SchemeData?str=E9DDFA703C38E51A19A7691F3B40AD4EE0F3DDA5DE324AC54819922BB3D36B63,OBC students,"Diploma, UG, PG, Professional",online,Full tuition + exam fees,,Available
Rajarshi Shahu Maharaj Merit Scholarship,https://mahadbt.maharashtra.gov.in/SchemeData/SchemeData?str=E9DDFA703C38E51ADF0B5B3136AAAD4C06BEFD7079D45EBAADC7F5BA9DCAA1F3,Merit students Maharashtra,"UG (BA, BSc, BCom)",online,₹300/month (10 months),,Available
EBC Scholarship DTE,https://mahadbt.maharashtra.gov.in/SchemeData/SchemeData?str=E9DDFA703C38E51A7F4D327BDEB7125DE0BA4AE1C51180C272281017EBEF6F7C,Economically backward class students,"Diploma, BE/BTech, Pharmacy, Architecture",online,"₹25,000 – ₹60,000/year",,Available
Dr Punjabrao Deshmukh Hostel Allowance,https://mahadbt.maharashtra.gov.in/SchemeData/SchemeData?str=E9DDFA703C38E51A154AF155ACB2A8B2FDDAB7A49A24E2B13EFE22C60B340852,Students staying in hostel,"Diploma, UG, PG, Professional",online,"₹10,000 – ₹30,000/year (hostel)",,Available
Minority Scholarship State,https://mahadbt.maharashtra.gov.in/SchemeData/SchemeData?str=E9DDFA703C38E51A78F1DC35C6E48797,Minority community students,"School, Diploma, UG, PG",online,"₹1,000 – ₹25,000/year",,Available
Tribal Post Matric Scholarship,https://mahadbt.maharashtra.gov.in/SchemeData/SchemeData?str=E9DDFA703C38E51A668ED132B54E2162E54C475F826D85C79DA948301E5F7772,ST students,"Diploma, UG, PG, Professional",online,₹225 – ₹1200/month + fees,,Available
Vocational Education Fee Reimbursement ST,https://mahadbt.maharashtra.gov.in/SchemeData/SchemeData?str=E9DDFA703C38E51AC6B28ED14CE96709,ST vocational students,"ITI, Diploma, Vocational",online,"₹10,000 – ₹20,000/year",,Available
Vocational Maintenance Allowance ST,https://mahadbt.maharashtra.gov.in/SchemeData/SchemeData?str=E9DDFA703C38E51AADA109F73D48B5D5,ST students,"ITI, Diploma, Vocational",online,"₹10,000 – ₹20,000/year",,Available
Eklavya Scholarship,https://mahadbt.maharashtra.gov.in/SchemeData/SchemeData?str=E9DDFA703C38E51A1655B141877065672B6A562E1EC5891E6D5A884AC6702F5D,Graduate merit students,"PG (MA, MSc, MCom)",online,"₹5,000/month",,Available
State Government Open Merit Scholarship,https://mahadbt.maharashtra.gov.in/SchemeData/SchemeData?str=E9DDFA703C38E51AED33CA69606C0CC2EF25388FB8EC7046E5E9B1E993657CEB,Merit based students,"Junior College (11th, 12th)",online,₹100/month,,Available
NSP Central Sector Scheme of Scholarship,https://scholarships.gov.in/,Class 12 passed merit students,UG (All Streams),online,"₹10,000/year",,Available
NSP Post Matric Scholarship SC,https://scholarships.gov.in/,SC students,"Diploma, UG, PG, Professional",online,₹230 – ₹1200/month + fees,,Available
NSP Post Matric Scholarship OBC,https://scholarships.gov.in/,OBC students,"Diploma, UG, PG, Professional",online,₹160 – ₹750/month + fees,,Available
NSP Merit Cum Means Scholarship Minority,https://scholarships.gov.in/,Minority students,"Professional (BE/BTech, MBBS, MBA, MCA)",online,"₹20,000 – ₹50,000/year",,Available
NSP Pre Matric Scholarship Minority,https://scholarships.gov.in/,School students minority,School (Class 1–10),online,"₹1,000 – ₹10,000/year",,Available
NSP Top Class Education Scheme SC,https://scholarships.gov.in/,SC top students,"Professional (BE/BTech, MBBS, Law, Management)",online,"Up to ₹2,00,000/year",,Available
NSP Top Class Education Scheme ST,https://scholarships.gov.in/,ST students,"Professional (BE/BTech, MBBS, Law, Management)",online,"Up to ₹2,00,000/year",,Available
NSP Financial Assistance for Education of Beedi Workers,https://scholarships.gov.in/,Beedi worker children,"School, Diploma, UG",online,"₹1,000 – ₹20,000/year",,Available
Reliance Foundation Undergraduate Scholarship,https://www.scholarships.reliancefoundation.org/UG_Scholarship.aspx,Undergraduate students,UG (All Streams),online,"Up to ₹2,00,000/year",,Available
Aditya Birla Capital Scholarship,https://www.adityabirlascholars.net/the-scholarship/,Merit students,"School, Diploma, UG",online,"₹18,000 – ₹60,000/year",,Available
ONGC Scholarship Scheme,https://ongcscholar.org/#/,Engineering and MBBS students,"BE/BTech, MBBS, MBA, PG",online,"₹48,000/year",,Available
L and T Build India Scholarship,https://www.buddy4study.com/scholarship/l-t-build-india-scholarship,Final year engineering students,"BE/BTech (Civil, Electrical)",online,"₹8,00,000 (full sponsorship)",,Available
Mahindra All India Talent Scholarship,https://www.kcmet.org/what-we-do-scholarship-grants.aspx,Diploma students,Diploma (Engineering),online,"₹10,000/year",,Available
Tata Capital Pankh Scholarship,https://www.buddy4study.com/page/the-tata-capital-pankh-scholarship-programme,Students from low income families,"School, Diploma, UG",online,"₹10,000 – ₹12,000/year",,Available
,,,,,,,
,,,,,,,
,,,,,,,
,,,,,,,
AICTE Doctoral Fellowship,https://fellowship.aicte.gov.in/,PhD students are eligible.,PhD,online,"₹15,000/month + grant",,Available
AICTE Yashasvi Scholarship,https://yashasvi.aicte.gov.in/login.php?r=session_invalid,Technical students are eligible.,Diploma,online,"₹50,000/year",,Available
Central Sector Scheme,https://www.education.gov.in/en/scholarships-education-loan-0,Students of 12th (Female & Male) with 80% or above and family income less than 6L are eligible.,All,online, ₹10000 to ₹20000 per year for 3 to 5 years,,Available
Loreal India,buddy4study.com,Female students of 12th with 85% or above and family income less than 4L are eligible.,Science & Tech,Online,"₹2,50,000 to cover tuition fees",,Available
Inspire Scholarship (She),https://online-inspire.gov.in/,Students of 12th (Female & Male) who are in the Top 1% are eligible.,Basic Sciences,Online,₹80000 pa,,Available
Indian Oil Academic,https://iocl.com/pages/indianoil-academic-scholarships-overview,Students of 10+ (Female & Male) with 65% or above and family income less than 1.5L are eligible.,"ITI, Engg, MBBS, MBA",Online,₹1000 & 3000 per month,,Available
AICTE Pragati,https://www.aicte.gov.in/schemes/students-development-schemes/Pragati/General-Instructions,Female students of 10+ with 60% or above and family income less than 6L are eligible.,Technical Courses,Online/Offline,₹50000 pa,,Available
Merit Cum Means Minority,https://www.minorityaffairs.gov.in/show_content.php?lang=1&level=1&ls_id=775&lid=827,Students of 12th (Female & Male) with 50% or above and family income less than 2.5L are eligible.,Professional/Tech,Online,"₹25,000 to ₹30,000 per year",,Available
FAEA Scholarship,https://www.faeaindia.org/,Students of 12th (Female & Male) with 50% or above and family income less than 1L are eligible.,All,Online,"Tuition fee, maintenance allowance or hostel/mess charges as per their norms",,Available
R D Sethna Loan,https://www.rdsethnascholarships.org/,Students of 12th (Female & Male) with 50% or above are eligible (No Income Limit).,All,Post/In-person,"Loan Scholarship of Rs 10,000",,Available
Post Matric Minority,https://www.minorityaffairs.gov.in/show_content.php?lang=1&level=2&ls_id=163&lid=165,Students of 10+ (Female & Male) with 50% or above and family income less than 2L are eligible.,All,Online,"Rs. 9,300 to Rs 13,800 per year",,Available
Maulana Azad (Girls),https://azadgirls.com/,Female students of 10th with 55% or above and family income less than 1L are eligible.,All,Online,"Rs 12,000",,Available
Tgelf Khemka Domestic,https://www.tgelf.org/,Students of 12th (Female & Male) with 50% or above are eligible (No Income Limit).,UG Courses,Online,0,,Available
NSF Scholarship,https://www.northsouth.org/india-impact/india-scholarships/,Students of 10+ (Female & Male) with 90% or above and family income less than 1L are eligible.,Professional (Govt),Online/Post,"Rs 8,000 to Rs 25,000 per annum",,Available
Nirmaan Scholarship,https://nirmaan.org/holistic-education/scholarship-and-mentorship-program,Students of 12th (Female & Male) with 80% or above are eligible (No Income Limit).,Professional (Govt),Online/Email,Financial & Mentorship assistance till Graduation,,Available
Hamdard National,https://www.hamdardfoundation.in/,Students of 12th (Female & Male) with 60−70% and family income less than 2L are eligible.,Professional/Tech,Post/In-person,na,,Available
Nishkam Sikh Welfare,https://www.nishkam.org/,Students of 12th (Female & Male) with 60% or above and family income less than 1.5L are eligible.,Professional,Post,"Up to Rs 30,000 p.a ",,Available
CBSE Single Girl Child,https://www.cbse.gov.in/cbsenew/scholar.html,Female students of 10th with 60% or above are eligible (No Income Limit).,Class 11th,Online,Rs. 500 per month,,Available
Udaan (CBSE),https://www.cbse.gov.in/cbsenew/scholar.html,Female students of 10th with 70% or above and family income less than 6L are eligible.,Class 11th PCM,Online,Providing free online resources to girl students,,Available
Nirankari Rajmata,https://www.nirankari.org/legacy/nirankari-rajmata-kulwant-kaur-ji/,Students of 12th (Female & Male) with 95% or above and family income less than 3.5L are eligible.,Professional/Tech,Post,Tuition fee for a year or complete course of Graduation or Post Graduation,,Available
M Sethia Merit,https://jmstrust.com/enrolment/,Students of 8th (Female & Male) with 75% or above and family income less than 1.4L are eligible.,School,-,Not specified,,Available
Popular Front Loan,https://unstop.com/scholarships/popular-front-of-india-loan-scholarship-2017-popular-front-of-india-22359,Students of 12th (Female & Male) with 50% or above are eligible (No Income Limit).,Journalism/Law/Social,Online/Email/Post,LoanScholarships,,Available
Foundation For Excellence,https://ffe.org/,Students of 12th (Female & Male) with 70% or above and family income less than 1.8L are eligible.,1st yr Engg/MBBS,Online/Post,Scholarship,,Available
Santoor Women's,https://www.santoorscholarships.com/,Female students of 12th with 50% or above are eligible (No Income Limit).,All,Post,Rs 24000-36000 per annum,,Available
Tata Housing Meritorious,https://www.buddy4study.com/scholarship/tata-housing-scholarships-for-meritorious-girl-students-2018,Female Engineering students of 1st Year with 50% or above and family income less than 3L are eligible.,Professional/Tech,Post,"Rs. 60,000 pa",,Available
Fair And Lovely,https://www.buddy4study.com/article/empowering-lives-through-fair-lovely-scholarship-program,Female students of 12th with 60% or above and family income less than 6L are eligible.,All,Online,Rs. 25000 to 50000 per student,,Available
Prabha Dutt Fellowship,not secured,Female Journalists are eligible (No percentage or income limit required).,Print Journalism,Online/Offline,"Rs 1,00,000 (Grant)",,Available
Swami Vivekananda SGC,https://www.myscheme.gov.in/schemes/svsgcfrss,Female PhD students are eligible (No percentage or income limit required).,PhD Social Science,Online,"Rs 12,400 p.m to Rs 15,500 p.m",,Available
Maulana Azad Fellowship,https://www.minorityaffairs.gov.in/show_content.php?lang=1&level=1&ls_id=625&lid=107,PhD students (Female & Male) with 50% or above are eligible (No income limit).,PhD for Minority,Online,Rs 25000 to 28000 Monthly,,Available
Babulal Nagarmal,https://www.theglobalscholarship.org/scholarships/babulal-nagarmal-satnalika?source=main,Students of 12th (Female & Male) with 50% or above and family income less than 80K are eligible.,All,Online/Offline,School Fees,,Available
National Scholarship Exam,https://www.niceedu.org/nse,Students from 5th to 12th (Female & Male) with 80% or above are eligible (No income limit).,Scholarship Exam,Online,"1st prize-10000 
second prize-2000
Consolation prize for 4 to 100 ranks",,Available
Sitaram Jindal,https://www.sitaramjindalfoundation.org/scholarships-for-students-in-bangalore.php,Students of 10+ (Female & Male) with 80% or above and family income between 2.5L and 4L are eligible.,All,Offline,depending upon on course,,Available
ONGC Ltd,https://www.ongcindia.com/,Students of 12th (Female & Male) with 60% or above and family income less than 2L are eligible.,Professional,Online,Rs 48000/-,,Available
Sima Khatib Scholarship,https://www.theglobalscholarship.org/scholarships/sima-khatib-scholarship,Medical students of 10+ (Female & Male) with 90% or above and family income less than 3L are eligible.,Professional,Online,Rs 10000/-(Excess Loan to be provided free of interest),,Available
LIC Golden Jubilee,https://licindia.in/golden-jubilee-foundation,Students of 12th (Female & Male) with 60% or above and family income less than 1L are eligible.,Professional/Tech,Online,"Rs 1,000 p.m. for 10 months",,Available
Pre Matric Scholarships,https://prematric.mahait.org/Login/Login,Students from 1st to 10th (Female & Male) with 50% or above and family income less than 1L are eligible.,School Students,Online,Rs. 1000/- 1st to 5th Rs.5000/- 6th to 10th,,Available
State Govt Scholarship,https://fs.maharashtra.gov.in/,Students of 10+ (Female & Male) with 50% or above and family income less than 6L are eligible.,Professional/Tech,Online,Rs. 25000/- per year,,Available
DMRE State Govt,https://dmer.maharashtra.gov.in/english/,Students of 12th (Female & Male) with 50% or above and family income less than 6L are eligible.,Medical,Online,Rs. 25000/- per year,,Available
IDB Loan Scholarship,https://www.iadb.org/en/project/PR-L1086,Students of 12th (Female & Male) with 70% or above are eligible (No income limit).,Professional/Tech,Online/Offline,As per requirment,,Available
Google Science Fair,https://www.competitionsciences.org/competitions/google-science-fair/,Students between ages 13-18 (Female & Male) are eligible (No percentage or income limit required).,Science Competition,Online,33Lakhs,,Available
Jamiat Ulama-I-Hind,https://www.jamiat.org.in/,Students of 12th (Female & Male) with 50% or above are eligible.,Professional/Tech,online,0,,Available
Marubeni India,https://www.marubeni.co.in/,Students of 12th (Female & Male) with 75% or above and family income less than 2L are eligible.,Professional/Tech,Online,Rs. 40000/-,,Available
Savla Scholarship,https://financialaid.somaiya.edu/en/benevolent-status-scholarship/,Students of 10th (Female & Male) with 75% or above are eligible (No income limit).,11th to UG,Online,Rs. 10000/-,,Available
Merck India Charitable,https://www.merckgroup.com/in-en/company/corporate-social-responsibility/education/mict.html,Students of 10th (Female & Male) with 80% or above and family income less than 2.4L are eligible.,Class 11,Offline,Rs.35000/-,,Available
Calsoft Scholarship,calsoftinc.com,Students of 12th (Female & Male) with 50% or above and family income less than 1.5L are eligible.,Engineering,Online,Part of Fees,,Available
Indiabulls Foundation,https://www.indiabullsfoundation.com/,Students of 12th (Female & Male) are eligible regardless of percentage or income.,All,-,600 Students,,Available
Rangoonwala Trust,https://rangoonwala.org/,Students (Female & Male) with 70% or above are eligible regardless of educational level.,BSW / MSW,Offline,,,Available
Maulana Azad Ed Loan,https://maaavm.dataman.in/,Students of 12th (Female & Male) with family income less than 2.5L are eligible.,Professional,Online/Offline,"Rs. 5000/- to Rs.2,50,000/-",,Available
State Minority (DHE),https://mahadbt.maharashtra.gov.in/SchemeData/SchemeData?str=E9DDFA703C38E51A78F1DC35C6E48797,Students of 12th (Female & Male) with 50% or above and family income less than 6L are eligible.,UG & PG,Offline,Rs.5000/-,,Available
Lodha Foundation,https://www.lodhagroup.com/blogs/sustainability/top-stem-scholarships-in-india-for-future-leaders,Students of 5th (Female & Male) with 70% or above and family income less than 4.5L are eligible.,All,Offline,70% of total Fees,,Available
KC Mahindra,https://www.kcmet.org/index.aspx,Students of 10th or 12th (Female & Male) are eligible.,Engineering,Offline,,,Available
Siemens Scholarship,https://www.ssp-india.co.in/login,Students of 10th (Female & Male) with 50% or above and family income less than 2L are eligible.,Engineering,-,,,Available
TFWS,https://cetking.com/tfws/,Students of 12th (Female & Male) with family income less than 5L are eligible.,Engineering,Online,Tution Fees,,Available
Khidmat Trust Mumbai,https://khidmattrust.org/,Students (Female & Male) who have passed their exams and come from low-income families are eligible.,All,Offline,Tution Fees,,Available
Haji Ali Trust Mumbai,https://www.hajialidargah.in/,Students (Female & Male) who have passed their exams are eligible.,All,Offline,Tution Fees,,Available
Kind Circle Meritorious,https://www.buddy4study.com/page/kind-circle-scholarship-for-meritorious-students,Students of 8th+ (Female & Male) with 50% or above and family income less than 4L are eligible.,9th & Graduation,Online,120000,,Available
Care Rating PG,https://www.careratings.com/,Graduation students (Female & Male) with 50% or above and family income less than 5L are eligible.,MBA Banking/Ins,Online,50000/-,,Available
Ryan Merit Cum Means,https://www.minorityaffairs.gov.in/show_content.php?lang=1&level=1&ls_id=775&lid=827,Students of 7th (Female & Male) with 80% or above and family income less than 2L are eligible.,8th to 12th,Online,10000/-,,Available
Nurture Merit Cum Means,https://www.indiascienceandtechnology.gov.in/nurturing-minds/scholarships/graduation/merit-cum-means-scholarship-scheme,Students of 12th (Female & Male) with 75% or above and family income less than 2L are eligible.,Graduation,Online,20000/-,,Available
Faer McAfee Program,https://www.faer.ac.in/2324-faer-scholar-awards,Students (Female & Male) are eligible.,Engineering,Online,Cash Prizes upto 100000,,Available
KVPY Fellowship,https://www.indiascienceandtechnology.gov.in/nurturing-minds/scholarships/school/kishore-vaigyanik-protsahan-yojana-kvpy,Students from 10th to PG (Female & Male) are eligible (No income limit).,Basic Sciences,Online,Varying,,Available
Tata Trust Means Grant,https://www.tatatrusts.org/our-work/individual-grants-programme/education-grants,Students from 8th to Graduation (Female & Male) who have passed their exams are eligible.,All UG (excl Engg),Online,Needs Based,,Available
Lila Poonawala,https://www.lilapoonawallafoundation.com/,Female students of 12th/Diploma with family income less than 3.5L are eligible.,Engg/Nursing/Phar,Online,"60,000 per annum",,Available
Veena Upendra,https://apply.ydfindia.org/,Students of 12th (Female & Male) with 70% or above and family income less than 1.5L are eligible.,All Streams,Online,Not specified,,Available
Pernod Ricard (PRIF),https://www.prifoundation.com/,Students from 9th to PG (Female & Male) with 60-75% and family income less than 2.5L are eligible.,All Streams,Online,Tution Fees,,Available
AWSAR (DST),https://dst.gov.in/callforproposals/call-entries-awsar-programme,PhD students (Female & Male) are eligible (No income limit).,Science & Technology & Innovation,Online,Upto 1 lakh,,Soon
Urdu Scholarship,https://www.upurduakademi.in/scholarships.aspx#!,Students from 6th to PhD (Female & Male) with 50% or above are eligible.,Urdu,Online,Not specified,,Available
Sahitya Kala Parishad,https://sahityakalaparishad.delhi.gov.in/,Disabled students (Female & Male) are eligible.,"Arts, Drama, Music",Online,Not specified,,Available
Saksham Scholarship,https://www.aicte.gov.in/schemes/students-development-schemes/Saksham/General-Instructions,students (Female & Male) are eligible.,Tech (AICTE),Online,"50,000",,Soon
Nargis Dutt Foundation,info@gisduttfoundation.com,Female students of 10th/12th are eligible.,Vocational,Mail,Full Fees,,Available
Sultan Jahan,sultanjahan_coaching@yahoo.co.in,Students (Female & Male) are eligible.,-,Offline,Not specified,,Available
Hakeem Abdul Hameed,https://www.hamdardfoundation.in/news/download-scholarship-application-for-2024-25,Students of 12th (Female & Male) with 50% or above are eligible.,All Streams,Online,Not specified,,Soon
Nirankari Rajmata Scholarship Scheme,https://drive.google.com/drive/folders/14tz6L2Zy1kBvffZg2HEGyexaev5Y6EE-,Students with 90% or above (Preference given to Females) and family income less than 3.5L are eligible.,"Medical, Engg, MBA,Architecture,Law",Offline,Tution Fees,,Available
BSA Crescent Zakaat,https://www.bsacrescentalumni.com/zakat,Students of 12th (Female & Male) with 60% or above are eligible.,All Streams,Online,Not specified,,Available
PG University Rank,https://www.myscheme.gov.in/schemes/pgmssurhula,Undergraduate (UG) students who secured 1st or 2nd Rank are eligible (No income limit).,Science/Languages,Online,"31,000",,Soon
PG Indira Gandhi SGC,https://www.myscheme.gov.in/schemes/pg-igssgc,Female Undergraduate (UG) students are eligible (No income limit).,All Streams,Online,"36,200",,Available
Pragati for Girls,https://dte.maharashtra.gov.in/pragati-scholarship-scheme/,Female students of 12th with family income less than 8L are eligible.,Tech Degree/Dip,Online,"50,000",,Available
SKF Scholarship,https://forstu.co/sdetails/25,Female students of 10th with 75% or above and family income less than 1.5L are eligible.,Junior College,Online,"80,000",,Available
Dr. Reddy’s Sashakt,https://sashaktscholarship.org/how-to-apply/#who-can-apply,Female students of 12th with good academics and family income less than 5L are eligible.,Pure/Natural Sci,Online,Upto 2.4 Lakhs,,Available
Adobe Women in Tech,research.adobe.com,Female Third Year (TY) students are eligible (No income limit).,Engineering,Online,Tution Fees and Internship,,Available
Vidyadhan (SDF),https://www.vidyadhan.org/apply,Students of 10th (Female & Male) with 80-90% and family income less than 2L are eligible.,Junior College,Online,Not specified,,Available
Vishwa Konkani,konkanischolarship.com,Students of 12th (Female & Male) with 70% or above and family income less than 5L are eligible.,Engg/Medical,Online,Not specified,,
5th M-Scholar,csr@magma.co.in,Students of 12th (Female & Male) with 50% or above and family income less than 1.2L are eligible.,All Streams,Online,Not specified,,
Chevening Scholarship,https://studyabroad.aeccglobal.com/india/destination/scholarshipsinuk?utm_source=Google&utm_details=Google_PPC&utm_campaign=22554451327&utm_term=chevening%20scholarship&gad_source=1&gad_campaignid=22554451327&gbraid=0AAAAApWSJtROyCt0pcbMy5yoJanyt-vDg&gclid=Cj0KCQjwyr3OBhD0ARIsALlo-OlRuRfaEvKIoJKPDYHKMVEjuymNWkHnKuUc4pSitpLgX1a9SvtT3NgaAhViEALw_wcB,Undergraduate (UG) students (Female & Male) with work experience are eligible (No income limit).,PG in any Stream,Online,Fully Funded,,
Narotam Sekhsaria,https://pg.nsfoundation.co.in/,First Year Engineering (FY Engg) students (Female & Male) are eligible (No income limit).,Engineering,Online,Not specified,,
School Scholarship (Delhi),https://vidyachetana.org/login,Students (Female & Male) with 50% or above and family income less than 2L are eligible.,All Classes,Online,Not specified,,
Lady Tata Memorial,https://ladytatatrust.tatatrusts.org/StaticPageIndia/Awards/5,MBBS/MSc students (Female & Male) are eligible (No income limit).,PhD,Online,Not specified,,
ONGC Foundation,https://www.ongcfoundation.org/scholarship-scheme/,Students of 12th (Female & Male) are eligible (No income limit).,Engg/Med/MBA/Geol,Online,Not specified,,
KC Mahindra Abroad,https://www.kcmet.org/what-we-do-scholarship-grants.aspx,Undergraduate (UG) students (Female & Male) are eligible (No income limit).,PG Abroad,Online,Not specified,,
Vahani Scholarship,https://www.vahanischolarship.com/,Students of 12th (Female & Male) with 85% or above and family income less than 1.5L are eligible.,All Streams,Online,Tution Fee,,
Nestle MBA (Women),https://www.imd.org/degree/mba/scholarships/nestle-scholarship-for-women/,Female Undergraduate (UG) students are eligible (No income limit).,MBA,Online,Not specified,,
Yashad-Sumedha,https://www.sumedha.org/index.php,Students of 12th (Female & Male) with 75% or above and family income less than 2.5L are eligible.,B.Tech,Online,"20,000",,
Dakshana Foundation,https://www.dakshana.org/,Postgraduate (PG) students (Female & Male) are eligible (No income limit).,JEE/NEET Prep,Online,Not specified,,
Raman Kant Munjal,https://rkmfoundation.org/Scholarships.aspx,Students of 12th (Female & Male) with family income less than 4L are eligible.,BBA/BBM/BCom,Online,Upto 4 Lakhs,,
J.N. Tata Endowment,https://jntataendowment.org/,Postgraduate (PG) students (Female & Male) are eligible (No income limit).,PhD,Online,Up to 10 Lakhs,,
Kotak Kanya,https://www.kotakeducationfoundation.org/kotak-kanya-scholarship,Female Professionals with family income less than 3L are eligible.,"Engg, Med, Law, CA",Online,Not specified,,
COVID Crisis Support,https://csamumbai.in/covid-19-resources/,Students affected by COVID (Female & Male) are eligible.,All,Online,Not specified,,
Legrand Scholarship,https://legrandscholarship.co.in/,Female students of 12th with 75% or above and family income less than 5L are eligible.,B.E/B.Tech/B.Arch,Online,Not specified,,
vivo for Education,buddy4study.com,Students of 10th & 12th (Female & Male) with 80% or above and family income less than 4L are eligible.,All,Online,Not specified,,
Vinati Organics,buddy4study.com,Female students of 10th/11th with 65% or above and family income less than 3.6L are eligible.,All,Online,Not specified,,
JSW UDAAN,vidyasaarathi.co.in,Students from Class 1 to PG (Female & Male) with family income less than 8L are eligible.,All,Online,Not specified,,
Schindler SIM,vidyasaarathi.co.in,Diploma students (Female & Male) with family income less than 3L are eligible.,Diploma,Online,Not specified,,
tulsianitrus,https://tulsianitrust.com/how-can-we-help-you/,This opportunity is open for all students.,,online,Not specified,,
Avasar foundation,https://www.avasarfoundation.in/scholarship,This opportunity is only for female students.,,online,,,
	Shiksha Sankalp Lakshya Scholarship,https://resolve4education.org/,"Passed Class 12 with a minimum of 85% marks.
Currently enrolled in the first year of a full-time undergraduate Engineering/MBBS program at NAAC/NIRF accredited Government, State, Central, or Public University in India.","Engineering,MBBS",online,"	Up to Rs. 1,00,000 p.a.",,
Keep India Smiling Foundation Scholarship (Colgate),https://www.colgate.com/en-in/smile-karo-aur-shuru-ho-jao/foundation-scholarship,"Must have scored a minimum of 60% in Class 12 board exams
",B.E./B.Tech/BDS/MBBS/Others,online,"Up to Rs 50,000 p.a.",,
,,,,,,,
,,,,,,,
SBI Platinum Jubilee Asha Scholarship,https://www.sbiashascholarship.co.in/,"School students (Class 6–12), UG, PG, IIT/IIM students with family income < ₹6 lakh",All Streams,bank,"₹15,000 – ₹4,50,000",,
Kotak Kanya Scholarship,https://www.buddy4study.com/page/kotak-kanya-scholarship,"Girl students, Class 12 passed, family income < ₹6 lakh",Engineering / Professional (Girls),bank,"Up to ₹1,50,000/year",,
Axis Bank Young India Scholarship,https://www.axisbankfoundation.org,"Students from low-income families, skill development programs",All Streams,bank,Varies (Skill-based support),,
ICICI Foundation Scholarship,https://www.icicifoundation.org,"Economically weaker students, vocational training applicants",ITI / Diploma / Technical,bank,Free training + stipend,,
Baroda Scholar,https://www.bankofbaroda.in/career/education-loan,Students applying for higher education (India/abroad),All Streams,bank,Loan + partial aid,,
PNB Housing Finance Scholarship,https://www.buddy4study.com/page/pnb-housing-finance-protsahan-scholarship,"School students (Class 9–12), family income < ₹6 lakh",All Streams,bank,"₹10,000 – ₹75,000",,
Union Bank Education Support Schemes,https://www.unionbankofindia.co.in,"Financially weak students, higher education applicants",All Streams,bank,Varies (fee support),,
Standard Chartered Foundation Scholarship,https://www.sc.com/in,"Underprivileged students, NGO-supported programs",All Streams,bank,Varies,,
Canara Bank Scholarship Schemes,https://www.canarabank.com,Government-linked scholarship beneficiaries,All Streams,bank,Varies,,
HSBC India Scholarship Programme,https://www.hsbc.co.in,Meritorious students with financial need,All Streams,bank,"Up to ₹2,00,000",,
Citi Foundation Scholarship (Citibank initiatives),https://www.citigroup.com,Students via NGO/partner programs,Engineering / Business / Professional,bank,Varies,,
IndusInd Bank Educate For Life Scholarship,https://www.buddy4study.com,"Class 10–UG, All Gender, Income ≤ ₹6L",All Streams,bank,"₹10,000 – ₹72,000",,
Central Bank of India Welfare Schemes,https://www.centralbankofindia.co.in,"Class 10–PG, All Gender, Income varies",All Streams,bank,"₹10,000 – ₹50,000",,
Adobe India Women in Technology Scholarship,https://research.adobe.com,"Female, Engineering 1st Year, Income ≤ ₹8L",Computer Science / Engineering,bank,"₹1,00,000 + Laptop + Internship",,
Cummins India Foundation Scholarship,https://www.cumminsindia.com,"Diploma / Engineering Students, Income ≤ ₹5L",Engineering / Diploma,bank,"₹20,000 – ₹75,000",,
Amazon Future Engineer Scholarship,https://www.amazonfutureengineer.in,"Girls, Class 12 Passed, Income ≤ ₹8L",Computer Science / Engineering,bank,"₹50,000 per year",,
Flipkart Foundation Scholarship Program,https://www.buddy4study.com,"Class 12 Passed, Female, Income ≤ ₹5L",STEM / Engineering,bank,"₹ 50,000",,
HDFC Parivartan ECSS Programme,https://www.hdfcbankecss.com,"Class 1–PG, All Gender, Income ≤ ₹2.5L",All Streams,bank,"₹15,000 – ₹75,000",,
IDFC FIRST Bank Scholarship,https://www.buddy4study.com,"Class 11–UG, All Gender, Income ≤ ₹6L",All Streams,bank,"₹12,000 – ₹1,00,000",,
RBL Bank Siksha Scholarship,https://www.buddy4study.com,"Class 10–UG, All Gender, Income ≤ ₹5L",All Streams,bank,"₹15,000 – ₹25,000",,
Federal Bank Hormis Memorial Foundation Scholarship,https://www.federalbank.co.in,"Class 12+, Merit Based, Income ≤ ₹3L",Engineering / Medical / Professional,bank,"₹ 100,000",,
South Indian Bank (SIB) Scholarship Scheme,https://www.southindianbank.com,"Class 12 Passed, Merit Based",All Streams,bank,"₹ 40,000",,
Islamic Dev Bank,https://www.isdb.org/scholarships,Undergraduate to PhD (UG-PhD) students (Female & Male) are eligible (No income limit).,All Streams,bank,Not specified,,
,,,,,,,
,,,,,,,
,,,,,,,
,,,s ,,,,
,,,,,,,
,,,,,,,
Khidmat Charitable Trust  ,,"Students scoring 75% or above, from any stream, studying in a recognized institution, with family income up to ₹2.5–5 lakh are eligible.",Only For Medical Streams,offline,Partial Tuition Fee Support,"Nagpada,Byculla East, Mumbai-400008",Available
Education Promotion Trust  ,,"Students scoring 75% or above, from any stream, studying in a recognized institution, with family income up to ₹2.5–5 lakh are eligible.",All Streams,offline,Partial Tuition Fee Support,"Forbes Building, Charanjit Rai Marg, Fort, Mumbai-400001",Available
Taruk Charity Trust  ,,"Students scoring 75% or above, from any stream, studying in a recognized institution, with family income up to ₹2.5–5 lakh are eligible.",All Streams,offline,Partial Tuition Fee Support,"152, Lohar Chawl, 2nd Floor, Mumbai-400002",Available
MESCO  ,,"Students scoring 75% or above, from any stream, studying in a recognized institution, with family income up to ₹2.5–5 lakh are eligible.",All Streams,offline,Partial Tuition Fee Support,"110, Old Bengalipura Street, Near Crawford Market, Mumbai-400003",Available
Lions Club of Juhu  ,,"Students scoring 75% or above, from any stream, studying in a recognized institution, with family income up to ₹2.5–5 lakh are eligible.",All Streams,offline,Partial Tuition Fee Support,"Lions Seva Niketan, Near Juhu Church, Juhu, Mumbai-400049",Available
Jalaram Trust  ,,"Students scoring 75% or above, from any stream, studying in a recognized institution, with family income up to ₹2.5–5 lakh are eligible.",All Streams,offline,Partial Tuition Fee Support,"Plot No. 7, Sector 9A, Vashi, Navi Mumbai-400703",Available
Jaslok Hospital & Research Centre  ,,"Students scoring 75% or above, from any stream, studying in a recognized institution, with family income up to ₹2.5–5 lakh are eligible.",All Streams,offline,Partial Tuition Fee Support,"15, Dr. Deshmukh Marg, Pedder Road, Mumbai-400026",Available
Shri Jay Ganesh Charitable Trust,,"Students scoring 75% or above, from any stream, studying in a recognized institution, with family income up to ₹2.5–5 lakh are eligible.",All Streams,offline,Partial Tuition Fee Support,"Bhagwankala Building, Bhuleshwar, Mumbai-400002",Available
Marine Lines Junior Chamber  ,,"Students scoring 75% or above, from any stream, studying in a recognized institution, with family income up to ₹2.5–5 lakh are eligible.",All Streams,offline,Partial Tuition Fee Support,"Ranchod Bhavan, Dadiseth Agiary Lane, Kalbadevi, Mumbai-400002",Available
Fatehchand Paliram Seva Nidhi  ,,"Students scoring 75% or above, from any stream, studying in a recognized institution, with family income up to ₹2.5–5 lakh are eligible.",All Streams,offline,Partial Tuition Fee Support,"121, Mittal Tower, B-Wing, Nariman Point, Mumbai-400021",Available
The World Zoroastrian Organisation Trust  ,,"Students scoring 75% or above, from any stream, studying in a recognized institution, with family income up to ₹2.5–5 lakh are eligible.",All Streams,offline,Partial Tuition Fee Support,"Hemavilla, 41-A, Gokhale Road, Dadar West, Mumbai-400028",Available
Cancer Patient Aid Association Guidance  ,,"Students scoring 75% or above, from any stream, studying in a recognized institution, with family income up to ₹2.5–5 lakh are eligible.",All Streams,offline,Partial Tuition Fee Support,"5, Malhotra House, Opposite GPO, Fort, Mumbai-400001",Available
Saibaba Lila Welfare  ,,"Students scoring 75% or above, from any stream, studying in a recognized institution, with family income up to ₹2.5–5 lakh are eligible.",All Streams,offline,Partial Tuition Fee Support,"14/B, 2nd Floor, Ratan Building, Nagdevi Cross Lane, Mumbai-400003",Available
Ramlila Charities  ,,"Students scoring 75% or above, from any stream, studying in a recognized institution, with family income up to ₹2.5–5 lakh are eligible.",All Streams,offline,Partial Tuition Fee Support,"37, Maker Chambers III, Nariman Point, Mumbai-400021",Available
Bai Frenzi & Seth Fali Meherji Variava Charitable Trust  ,,"Students scoring 75% or above, from any stream, studying in a recognized institution, with family income up to ₹2.5–5 lakh are eligible.",All Streams,offline,Partial Tuition Fee Support,"Lalji Morarji Building, Opposite Churchgate Station, Mumbai-400020",Available
Leharchand Uttamchand Trust  ,,"Students scoring 75% or above, from any stream, studying in a recognized institution, with family income up to ₹2.5–5 lakh are eligible.",All Streams,offline,Partial Tuition Fee Support,"101, Champa Gully, M.J. Market, Mumbai-400002",Available
Ferojsha Godrej Foundation  ,,"Students scoring 75% or above, from any stream, studying in a recognized institution, with family income up to ₹2.5–5 lakh are eligible.",All Streams,offline,Partial Tuition Fee Support,"Godrej Bhavan, 4th Floor, Hazarimal Somani Marg, Fort, Mumbai-400001",Available
Pestonji Davar Charitable Trust  ,,"Students scoring 75% or above, from any stream, studying in a recognized institution, with family income up to ₹2.5–5 lakh are eligible.",All Streams,offline,Partial Tuition Fee Support,"3rd Floor, Opposite Khadi Bhandar, Fort, Mumbai-400001",Available
Hemant Bhai & Gandhi  ,,"Students scoring 75% or above, from any stream, studying in a recognized institution, with family income up to ₹2.5–5 lakh are eligible.",All Streams,offline,Partial Tuition Fee Support,"105, Princess Street, Marine Lines, Mumbai-400002",Available
Time & Talent Club  ,,"Students scoring 75% or above, from any stream, studying in a recognized institution, with family income up to ₹2.5–5 lakh are eligible.",All Streams,offline,Partial Tuition Fee Support,"Victory Stall, Opposite Apollo Bunder, Colaba, Mumbai-400001",Available
Gokak Foundation  ,,"Students scoring 75% or above, from any stream, studying in a recognized institution, with family income up to ₹2.5–5 lakh are eligible.",All Streams,offline,Partial Tuition Fee Support,"Forbes Building, Charanjit Rai Marg, Fort, Mumbai-400001",Available
Sadguru Daskishin Saibaba Mandal  ,,"Students scoring 75% or above, from any stream, studying in a recognized institution, with family income up to ₹2.5–5 lakh are eligible.",All Streams,offline,Partial Tuition Fee Support,"Saibaba Mandir, Near Railway Station, Malad East, Mumbai-400097",Available
New Halai Memon Association  ,,"Students scoring 75% or above, from any stream, studying in a recognized institution, with family income up to ₹2.5–5 lakh are eligible.",All Streams,offline,Partial Tuition Fee Support,"143/147, Kambekar Street, Masjid Bunder, Mumbai-400003",Available
Sapana Charitable Trust  ,,"Students scoring 75% or above, from any stream, studying in a recognized institution, with family income up to ₹2.5–5 lakh are eligible.",All Streams,offline,Partial Tuition Fee Support,"24, 1st Floor, Champa Gully, Mumbai-400002",Available
Sadbhav Foundation  ,,"Students scoring 75% or above, from any stream, studying in a recognized institution, with family income up to ₹2.5–5 lakh are eligible.",All Streams,offline,Partial Tuition Fee Support,"11, Botawala Building, Horniman Circle, Fort, Mumbai-400001",Available
Jeevan Jyot Cancer Relief & Care Trust,,"Students scoring 75% or above, from any stream, studying in a recognized institution, with family income up to ₹2.5–5 lakh are eligible.",All Streams,offline,Partial Tuition Fee Support,"3/9, Kondaji Chawl, Jerbai Wadia Road, Parel, Mumbai-400012",Available
Malad Educational & Medical Foundation  ,,"Students scoring 75% or above, from any stream, studying in a recognized institution, with family income up to ₹2.5–5 lakh are eligible.",All Streams,offline,Partial Tuition Fee Support,"3, Hawa Hira Mahal Compound, Pushpa Park, Malad East, Mumbai-400097",Available
Dhirubhai Khakhar  ,,"Students scoring 75% or above, from any stream, studying in a recognized institution, with family income up to ₹2.5–5 lakh are eligible.",All Streams,offline,Partial Tuition Fee Support,"c/o Janata Wafers, 456, Kalbadevi Road, Mumbai-400002",Available
"Manav Jyot, Shri K.C. Luthia  ",,"Students scoring 75% or above, from any stream, studying in a recognized institution, with family income up to ₹2.5–5 lakh are eligible.",All Streams,offline,Partial Tuition Fee Support,"Nityanand Apartment, Dr. R.P. Road, Mulund West, Mumbai-400080",Available
M.K. Tata Trust  ,,"Students scoring 75% or above, from any stream, studying in a recognized institution, with family income up to ₹2.5–5 lakh are eligible.",All Streams,offline,Partial Tuition Fee Support,"Bombay House, 24, Homi Mody Street, Fort, Mumbai-400023",Available
Ratanbai & Hormusji Khbhabha Charitable Trust  ,,"Students scoring 75% or above, from any stream, studying in a recognized institution, with family income up to ₹2.5–5 lakh are eligible.",All Streams,offline,Partial Tuition Fee Support,"Forbes Building, Charanjit Rai Marg, Fort, Mumbai-400001",Available
A.H. Wadia Charitable Trust  ,,"Students scoring 75% or above, from any stream, studying in a recognized institution, with family income up to ₹2.5–5 lakh are eligible.",All Streams,offline,Partial Tuition Fee Support,"70, Dr. V.B. Gandhi Road, Fort, Mumbai-400023",Available
Fazalbhoy Charitable Trust  ,,"Students scoring 75% or above, from any stream, studying in a recognized institution, with family income up to ₹2.5–5 lakh are eligible.",All Streams,offline,Partial Tuition Fee Support,"42, Ebrahim Merchant Road, Mohammad Ali Road, Mumbai-400009",Available
Lady Tarabai C. Mehta Trust  ,,"Students scoring 75% or above, from any stream, studying in a recognized institution, with family income up to ₹2.5–5 lakh are eligible.",All Streams,offline,Partial Tuition Fee Support,"10, Khatau Building, Shahid Bhagat Singh Road, Fort, Mumbai-400001",Available
M.J. Patel Public Charitable Trust  ,,"Students scoring 75% or above, from any stream, studying in a recognized institution, with family income up to ₹2.5–5 lakh are eligible.",All Streams,offline,Partial Tuition Fee Support,"112, 1st Floor, Heera Panna Shopping Centre, Haji Ali, Mumbai-400026",Available
K.A. Bussa Charitable Trust  ,,"Students scoring 75% or above, from any stream, studying in a recognized institution, with family income up to ₹2.5–5 lakh are eligible.",All Streams,offline,Partial Tuition Fee Support,"215, Commerce House, 140, Nagindas Master Road, Fort, Mumbai-400023",Available
Sheth Mafatlal Charitable Trust  ,,"Students scoring 75% or above, from any stream, studying in a recognized institution, with family income up to ₹2.5–5 lakh are eligible.",All Streams,offline,Partial Tuition Fee Support,"Mafatlal House, Backbay Reclamation, Mumbai-400020",Available
Damodar Anandji Charity Trust  ,,"Students scoring 75% or above, from any stream, studying in a recognized institution, with family income up to ₹2.5–5 lakh are eligible.",All Streams,offline,Partial Tuition Fee Support,"66, Vaju Kotak Marg, Near GPO, Mumbai-400001",Available
Dhirajlal Talkchand Charitable Trust  ,,"Students scoring 75% or above, from any stream, studying in a recognized institution, with family income up to ₹2.5–5 lakh are eligible.",All Streams,offline,Partial Tuition Fee Support,"101, Shanti Sadan, French Bridge, Opera House, Mumbai-400007",Available
D.N.E. Dinshaw Trust  ,,"Students scoring 75% or above, from any stream, studying in a recognized institution, with family income up to ₹2.5–5 lakh are eligible.",All Streams,offline,Partial Tuition Fee Support,"412, Churchgate Chambers, 5, New Marine Lines, Mumbai-400020",Available
Suman Ramesh Tulsiani Charitable Trust  ,,"Students scoring 75% or above, from any stream, studying in a recognized institution, with family income up to ₹2.5–5 lakh are eligible.",All Streams,offline,Partial Tuition Fee Support,"1105, Raheja Centre, Nariman Point, Mumbai-400021",Available
National Kidney Foundation  ,,"Students scoring 75% or above, from any stream, studying in a recognized institution, with family income up to ₹2.5–5 lakh are eligible.",All Streams,offline,Partial Tuition Fee Support,"F-1, Nav-Vikas, Dr. Ambedkar Road, Matunga, Mumbai-400019",Available
Anjuman-E-Islam Charitable Trust  ,,"Students scoring 75% or above, from any stream, studying in a recognized institution, with family income up to ₹2.5–5 lakh are eligible.",All Streams,offline,Partial Tuition Fee Support,"92, Dr. Dadabhai Naoroji Road, CSMT,Dhobi Talao, Fort, Mumbai – 400001",Available
Damodar Anandji Charity Trust,,"Students scoring 75% or above, from any stream, studying in a recognized institution, with family income up to ₹2.5–5 lakh are eligible.",All Streams,offline,Partial Tuition Fee Support,"66, Vaju Kotak Marg, Near G.P.O, Mumbai - 400001",Available
Purshottamdas Thakurdas Trust,,"Students scoring 75% or above, from any stream, studying in a recognized institution, with family income up to ₹2.5–5 lakh are eligible.",All Streams,offline,Partial Tuition Fee Support,"Navsari Chambers, Purshottamdas Thakurdas Marg, Mumbai - 400001",Available
Dinshaw Hormusji Mody Charitable Trust,,"Students scoring 75% or above, from any stream, studying in a recognized institution, with family income up to ₹2.5–5 lakh are eligible.",All Streams,offline,Partial Tuition Fee Support,"Kapadia Damania & Co., Bhupen Chambers, Dalal Street, Mumbai - 400001",Available
H. M. Mehta Charity Trust,,"Students scoring 75% or above, from any stream, studying in a recognized institution, with family income up to ₹2.5–5 lakh are eligible.",All Streams,offline,Partial Tuition Fee Support,"Mehta House, 4th Floor, Apollo Street, Khushru Dubhash Marg, Mumbai - 400001",Available
A. B. Dubhash Charities,,"Students scoring 75% or above, from any stream, studying in a recognized institution, with family income up to ₹2.5–5 lakh are eligible.",All Streams,offline,Partial Tuition Fee Support,"Radio House, Khushru Dubhash Marg, Mumbai - 400001",Available
D. N. E. Dinshaw Trust,,"Students scoring 75% or above, from any stream, studying in a recognized institution, with family income up to ₹2.5–5 lakh are eligible.",All Streams,offline,Partial Tuition Fee Support,"P. C. Hansotia & Co., Jahangir Wadia Bldg., M. G. Road, Mumbai - 400001",Available
Kamani Foundation Trust,,"Students scoring 75% or above, from any stream, studying in a recognized institution, with family income up to ₹2.5–5 lakh are eligible.",All Streams,offline,Partial Tuition Fee Support,"Kamani Chambers, Ballard Estate, Mumbai - 400001",Available
Allo & Minocher Dinshaw Trust,,"Students scoring 75% or above, from any stream, studying in a recognized institution, with family income up to ₹2.5–5 lakh are eligible.",All Streams,offline,Partial Tuition Fee Support,"Union Co-op Insurance Bldg., 23, P. M. Road, Mumbai - 400001",Available
A. S. F. Patel Charities,,"Students scoring 75% or above, from any stream, studying in a recognized institution, with family income up to ₹2.5–5 lakh are eligible.",All Streams,offline,Partial Tuition Fee Support,"Yusuf Bldg., 1st Floor, Flora Fountain, Mumbai - 400001",Available
Ratanbai D. Mehta Charity Trust,,"Students scoring 75% or above, from any stream, studying in a recognized institution, with family income up to ₹2.5–5 lakh are eligible.",All Streams,offline,Partial Tuition Fee Support,"C/o Payne & Co., Esplanade House, Waudby Road, Mumbai - 400001",Available
Pratapsingh Mathurdas Trust,,"Students scoring 75% or above, from any stream, studying in a recognized institution, with family income up to ₹2.5–5 lakh are eligible.",All Streams,offline,Partial Tuition Fee Support,"Commercial Union House, 9, Wallace Street, Mumbai - 400001",Available
Anjuman-e-Ismail Charitable Trust,,"Students scoring 75% or above, from any stream, studying in a recognized institution, with family income up to ₹2.5–5 lakh are eligible.",All Streams,offline,Partial Tuition Fee Support,"Anjuman Islam High School, Opp. CST, Mumbai - 400001",Available
Cama Charity Fund,,"Students scoring 75% or above, from any stream, studying in a recognized institution, with family income up to ₹2.5–5 lakh are eligible.",All Streams,offline,Partial Tuition Fee Support,"26-28, Dalal Street, Mumbai - 400001",Available
Kerawala Charity Trust,,"Students scoring 75% or above, from any stream, studying in a recognized institution, with family income up to ₹2.5–5 lakh are eligible.",All Streams,offline,Partial Tuition Fee Support,"Kerawala Mansion, Carnac Road, Mumbai - 400001",Available
S. R. Bomanji Trust,,"Students scoring 75% or above, from any stream, studying in a recognized institution, with family income up to ₹2.5–5 lakh are eligible.",All Streams,offline,Partial Tuition Fee Support,"60, Forbes Street, Mumbai - 400001",Available
K. N. Shah Charitable Trust,,"Students scoring 75% or above, from any stream, studying in a recognized institution, with family income up to ₹2.5–5 lakh are eligible.",All Streams,offline,Partial Tuition Fee Support,"264, Samuel Street, Vadgadi, Mumbai - 400003",Available
Ratilal Lalchand Mehta,,"Students scoring 75% or above, from any stream, studying in a recognized institution, with family income up to ₹2.5–5 lakh are eligible.",All Streams,offline,Partial Tuition Fee Support,"34, Ganga Vihar, Kazi Sayed Street, Mumbai - 400003",Available
Rameshbhai Kamdar,,"Students scoring 75% or above, from any stream, studying in a recognized institution, with family income up to ₹2.5–5 lakh are eligible.",All Streams,offline,Partial Tuition Fee Support,"32, Sarang Street, Mumbai - 400003",Available
Hasmukhbhai Sanghvi,,"Students scoring 75% or above, from any stream, studying in a recognized institution, with family income up to ₹2.5–5 lakh are eligible.",All Streams,offline,Partial Tuition Fee Support,"212, Yusuf Meharali Road, Masjid Bunder, Mumbai - 400003",Available
Dhirajlal Morarji Ajmera Charity Trust,,"Students scoring 75% or above, from any stream, studying in a recognized institution, with family income up to ₹2.5–5 lakh are eligible.",All Streams,offline,Partial Tuition Fee Support,"37-A, Sarang Street, Mumbai - 400003",Available
Rasikbhai Doshi,,"Students scoring 75% or above, from any stream, studying in a recognized institution, with family income up to ₹2.5–5 lakh are eligible.",All Streams,offline,Partial Tuition Fee Support,"96, Abdul Rehman Street, Mumbai - 400003",Available
Swajan Foundation,,"Students scoring 75% or above, from any stream, studying in a recognized institution, with family income up to ₹2.5–5 lakh are eligible.",All Streams,offline,Partial Tuition Fee Support,"Sabun Bhavan, Sheriff Devji Street, Mumbai - 400003",Available
Dilipkumar Tahni Medical Trust,,"Students scoring 75% or above, from any stream, studying in a recognized institution, with family income up to ₹2.5–5 lakh are eligible.",All Streams,offline,Partial Tuition Fee Support,"Bhajipala Street, Mumbai - 400003",Available
Ekta Charitable Trust,,"Students scoring 75% or above, from any stream, studying in a recognized institution, with family income up to ₹2.5–5 lakh are eligible.",All Streams,offline,Partial Tuition Fee Support,"Panchratna, Opera House, Mumbai - 400004",Available
Naunihal Foundation,,"Students scoring 75% or above, from any stream, studying in a recognized institution, with family income up to ₹2.5–5 lakh are eligible.",All Streams,offline,Partial Tuition Fee Support,"Bhupati Chambers, Mathew Road, Mumbai - 400004",Available
Churchgate Lions Heart Foundation,,"Students scoring 75% or above, from any stream, studying in a recognized institution, with family income up to ₹2.5–5 lakh are eligible.",All Streams,offline,Partial Tuition Fee Support,"Murad Mansion, Opera House, Mumbai - 400004",Available
Taruk Charity Trust,,"Students scoring 75% or above, from any stream, studying in a recognized institution, with family income up to ₹2.5–5 lakh are eligible.",All Streams,offline,Partial Tuition Fee Support,"Clover Apartments, Colaba, Mumbai - 400005",Available
Bhikhiben Shirinbhai Charitable Trust,,"Students scoring 75% or above, from any stream, studying in a recognized institution, with family income up to ₹2.5–5 lakh are eligible.",All Streams,offline,Partial Tuition Fee Support,"Jupiter Bldg., Cuffe Parade, Mumbai - 400005",Available
Ratanbai & Hormusji Bhabha Trust,,"Students scoring 75% or above, from any stream, studying in a recognized institution, with family income up to ₹2.5–5 lakh are eligible.",All Streams,offline,Partial Tuition Fee Support,"Sea Foam, Cuffe Parade, Mumbai - 400005",Available
Jeejeebhoy Dadabhoy Charity Trust,,"Students scoring 75% or above, from any stream, studying in a recognized institution, with family income up to ₹2.5–5 lakh are eligible.",All Streams,offline,Partial Tuition Fee Support,"Pilot Bunder Road, Colaba, Mumbai - 400005",Available
Amirilal Ghelabhai Trust,,"Students scoring 75% or above, from any stream, studying in a recognized institution, with family income up to ₹2.5–5 lakh are eligible.",All Streams,offline,Partial Tuition Fee Support,"Walkeshwar Road, Mumbai - 400006",Available
Garware Foundation,,"Students scoring 75% or above, from any stream, studying in a recognized institution, with family income up to ₹2.5–5 lakh are eligible.",All Streams,offline,Partial Tuition Fee Support,"Chowpatty Chambers, Mumbai - 400007",Available
M. J. Patel Public Charitable Trust,,"Students scoring 75% or above, from any stream, studying in a recognized institution, with family income up to ₹2.5–5 lakh are eligible.",All Streams,offline,Partial Tuition Fee Support,"P. D'Mello Road, Mumbai - 400009",Available
Bombay Silk Mills Ltd.,,"Students scoring 75% or above, from any stream, studying in a recognized institution, with family income up to ₹2.5–5 lakh are eligible.",All Streams,offline,Partial Tuition Fee Support,"Lalbaug, Mumbai - 400012",Available
Goodlass Nerolac Paints Ltd.,,"Students scoring 75% or above, from any stream, studying in a recognized institution, with family income up to ₹2.5–5 lakh are eligible.",All Streams,offline,Partial Tuition Fee Support,"Lower Parel, Mumbai - 400013",Available
Kothariswamiji,,"Students scoring 75% or above, from any stream, studying in a recognized institution, with family income up to ₹2.5–5 lakh are eligible.",All Streams,offline,Partial Tuition Fee Support,"Dadar, Mumbai - 400014",Available
Sitabai Abhyankar Charitable Trust,,"Students scoring 75% or above, from any stream, studying in a recognized institution, with family income up to ₹2.5–5 lakh are eligible.",All Streams,offline,Partial Tuition Fee Support,"Mahim, Mumbai - 400016",Available
Eskay Charitable Trust,,"Students scoring 75% or above, from any stream, studying in a recognized institution, with family income up to ₹2.5–5 lakh are eligible.",All Streams,offline,Partial Tuition Fee Support,"Worli, Mumbai - 400018",Available
Anchor Electronics & Electricals Pvt Ltd,,"Students scoring 75% or above, from any stream, studying in a recognized institution, with family income up to ₹2.5–5 lakh are eligible.",All Streams,offline,Partial Tuition Fee Support,"New Marine Lines, Mumbai - 400020",Available
Lotus Trust,,"Students scoring 75% or above, from any stream, studying in a recognized institution, with family income up to ₹2.5–5 lakh are eligible.",All Streams,offline,Partial Tuition Fee Support,"Near Liberty Cinema, Marine Lines, Mumbai - 400020",Available
Bombay Medical Aid Trust,,"Students scoring 75% or above, from any stream, studying in a recognized institution, with family income up to ₹2.5–5 lakh are eligible.",All Streams,offline,Partial Tuition Fee Support,"Bombay Hospital, Marine Lines, Mumbai - 400020",Available
Fazalbhoy Charitable Trust,,"Students scoring 75% or above, from any stream, studying in a recognized institution, with family income up to ₹2.5–5 lakh are eligible.",All Streams,offline,Partial Tuition Fee Support,"Marine Lines, Mumbai - 400020",Available
M. C. Ghia Charitable Trust,,"Students scoring 75% or above, from any stream, studying in a recognized institution, with family income up to ₹2.5–5 lakh are eligible.",All Streams,offline,Partial Tuition Fee Support,"Opp. Churchgate Station, Mumbai - 400020",Available
Chief Minister's Relief Fund,,"Students scoring 75% or above, from any stream, studying in a recognized institution, with family income up to ₹2.5–5 lakh are eligible.",All Streams,offline,Partial Tuition Fee Support,"Mantralaya, Mumbai - 400020",Available
Anand Ashram Trust,,"Students scoring 75% or above, from any stream, studying in a recognized institution, with family income up to ₹2.5–5 lakh are eligible.",All Streams,offline,Partial Tuition Fee Support,"Churchgate, Mumbai - 400020",Available
Seth Mafatlal Charitable Trust,,"Students scoring 75% or above, from any stream, studying in a recognized institution, with family income up to ₹2.5–5 lakh are eligible.",All Streams,offline,Partial Tuition Fee Support,"Backbay Reclamation, Mumbai - 400021",Available
Om Trust,,"Students scoring 75% or above, from any stream, studying in a recognized institution, with family income up to ₹2.5–5 lakh are eligible.",All Streams,offline,Partial Tuition Fee Support,"Nariman Point, Mumbai - 400021",Available
Hirachand Ambani Trust,,"Students scoring 75% or above, from any stream, studying in a recognized institution, with family income up to ₹2.5–5 lakh are eligible.",All Streams,offline,Partial Tuition Fee Support,"Maker Chambers IV, Nariman Point, Mumbai - 400021",Available
Ramkrishna Bajaj Charitable Trust,,"Students scoring 75% or above, from any stream, studying in a recognized institution, with family income up to ₹2.5–5 lakh are eligible.",All Streams,offline,Partial Tuition Fee Support,"Nariman Point, Mumbai - 400021",Available
Asian Paints Charitable Trust,,"Students scoring 75% or above, from any stream, studying in a recognized institution, with family income up to ₹2.5–5 lakh are eligible.",All Streams,offline,Partial Tuition Fee Support,"Nariman Point, Mumbai - 400021",Available
G. D. Birla Foundation,,"Students scoring 75% or above, from any stream, studying in a recognized institution, with family income up to ₹2.5–5 lakh are eligible.",All Streams,offline,Partial Tuition Fee Support,"Nariman Point, Mumbai - 400021",Available
Jeevan Prakash,,"Students scoring 75% or above, from any stream, studying in a recognized institution, with family income up to ₹2.5–5 lakh are eligible.",All Streams,offline,Partial Tuition Fee Support,"Sion East, Mumbai - 400022",Available
Mahavir Manav Rahat Trust,,"Students scoring 75% or above, from any stream, studying in a recognized institution, with family income up to ₹2.5–5 lakh are eligible.",All Streams,offline,Partial Tuition Fee Support,"Sion East, Mumbai - 400022",Available
N. M. Wadia Charities,,"Students scoring 75% or above, from any stream, studying in a recognized institution, with family income up to ₹2.5–5 lakh are eligible.",All Streams,offline,Partial Tuition Fee Support,"M. G. Road, Mumbai - 400023",Available
Ratan Tata Trust,,"Students scoring 75% or above, from any stream, studying in a recognized institution, with family income up to ₹2.5–5 lakh are eligible.",All Streams,offline,Partial Tuition Fee Support,"Bombay House, Mumbai - 400023",Available
Dorabji Tata Trust,,"Students scoring 75% or above, from any stream, studying in a recognized institution, with family income up to ₹2.5–5 lakh are eligible.",All Streams,offline,Partial Tuition Fee Support,"Bombay House, Mumbai - 400023",Available
Century Seva Trust,,"Students scoring 75% or above, from any stream, studying in a recognized institution, with family income up to ₹2.5–5 lakh are eligible.",All Streams,offline,Partial Tuition Fee Support,"Worli, Mumbai - 400025",Available
Siddhivinayak Temple Trust,,"Students scoring 75% or above, from any stream, studying in a recognized institution, with family income up to ₹2.5–5 lakh are eligible.",All Streams,offline,Partial Tuition Fee Support,"Prabhadevi, Mumbai - 400025",Available
Helping Hand Charitable Trust,,"Students scoring 75% or above, from any stream, studying in a recognized institution, with family income up to ₹2.5–5 lakh are eligible.",All Streams,offline,Partial Tuition Fee Support,"Vile Parle West, Mumbai - 400056",Available
Adinath Jankalyan Trust,,"Students scoring 75% or above, from any stream, studying in a recognized institution, with family income up to ₹2.5–5 lakh are eligible.",All Streams,offline,Partial Tuition Fee Support,"Andheri West, Mumbai - 400058",Available
Shree Venkateshwara Nidhi,,"Students scoring 75% or above, from any stream, studying in a recognized institution, with family income up to ₹2.5–5 lakh are eligible.",All Streams,offline,Partial Tuition Fee Support,"Goregaon East, Mumbai - 400063",Available
Jeevan Deep Foundation,,"Students scoring 75% or above, from any stream, studying in a recognized institution, with family income up to ₹2.5–5 lakh are eligible.",All Streams,offline,Partial Tuition Fee Support,"Ghatkopar East, Mumbai - 400077",Available
Jalaram Trust,,"Students scoring 75% or above, from any stream, studying in a recognized institution, with family income up to ₹2.5–5 lakh are eligible.",All Streams,offline,Partial Tuition Fee Support,"Mulund West, Mumbai - 400080",Available
Banaskantha Pragati Mandal,,"Students scoring 75% or above, from any stream, studying in a recognized institution, with family income up to ₹2.5–5 lakh are eligible.",All Streams,offline,Partial Tuition Fee Support,"Borivali West, Mumbai - 400092",Available
Excell Process Charitable Trust,,"Students scoring 75% or above, from any stream, studying in a recognized institution, with family income up to ₹2.5–5 lakh are eligible.",All Streams,offline,Partial Tuition Fee Support,"Andheri East, Mumbai - 400093",Available
Dhirajlal Talkchand Trust,,"Students scoring 75% or above, from any stream, studying in a recognized institution, with family income up to ₹2.5–5 lakh are eligible.",All Streams,offline,Partial Tuition Fee Support,"Malad East, Mumbai - 400097",Available
Supertech Service Ltd,,"Students scoring 75% or above, from any stream, studying in a recognized institution, with family income up to ₹2.5–5 lakh are eligible.",All Streams,offline,Partial Tuition Fee Support,Thane - 400604,Available
Prime Minister's Fund,,"Students scoring 75% or above, from any stream, studying in a recognized institution, with family income up to ₹2.5–5 lakh are eligible.",All Streams,offline,Partial Tuition Fee Support,New Delhi - 110011,Available
Ministry of Health & Family Welfare,,"Students scoring 75% or above, from any stream, studying in a recognized institution, with family income up to ₹2.5–5 lakh are eligible.",All Streams,offline,Partial Tuition Fee Support,New Delhi - 110011,Available
Haji Ali Dargah Trust,,"Students scoring 75% or above, from any stream, studying in a recognized institution, with family income up to ₹2.5–5 lakh are eligible.",All Streams,offline,Partial Tuition Fee Support,"Haji Ali, Mumbai - 400036",Available
Central Bank Executor & Trustee,,"Students scoring 75% or above, from any stream, studying in a recognized institution, with family income up to ₹2.5–5 lakh are eligible.",All Streams,offline,Partial Tuition Fee Support,"Fort, Mumbai - 400001",Available
Marine Lines Junior Chamber,,"Students scoring 75% or above, from any stream, studying in a recognized institution, with family income up to ₹2.5–5 lakh are eligible.",All Streams,offline,Partial Tuition Fee Support,"C.P. Tank Road, Mumbai - 400004",Available
Rotary Club of Bombay,,"Students scoring 75% or above, from any stream, studying in a recognized institution, with family income up to ₹2.5–5 lakh are eligible.",All Streams,offline,Partial Tuition Fee Support,"Matunga, Mumbai - 400019",Available
Ferojsha Godrej Foundation,,"Students scoring 75% or above, from any stream, studying in a recognized institution, with family income up to ₹2.5–5 lakh are eligible.",All Streams,offline,Partial Tuition Fee Support,"Hajarimal Somani Marg, Mumbai - 400020",Available
,,,,,,,
,,,,,,,
,,,,,,,
Jammu and Kashmir Prime Minister Special Scholarship Scheme,aicte-jk-scholarship-gov.in,For Jammu and Kashmir Students Only,All Streams,state,Partial Tution Fee,,Available
Jammu and Kashmir Merit Scholarship,aicte-jk-scholarship-gov.in,For Jammu and Kashmir Students Only,All Streams,state,Partial Tution Fee,,Available
Maharashtra Rajarshi Shahu Maharaj Merit Scholarship,https://mahadbt.maharashtra.gov.in/,For Maharashtra Students Only,All Streams,state,Partial Tution Fee,,Available
Maharashtra Post Matric Scholarship SC,https://mahadbt.maharashtra.gov.in/,For Maharashtra Students Only,All Streams,state,Partial Tution Fee,,Available
Maharashtra EBC Tuition Fee Scholarship,https://mahadbt.maharashtra.gov.in/,For Maharashtra Students Only,All Streams,state,Partial Tution Fee,,Available
Maharashtra Minority Scholarship,https://mahadbt.maharashtra.gov.in/,For Maharashtra Students Only,All Streams,state,Partial Tution Fee,,Available
Maharashtra Tribal Scholarship,https://mahadbt.maharashtra.gov.in/,For Maharashtra Students Only,All Streams,state,Partial Tution Fee,,Available
Karnataka Vidyasiri Scholarship,https://ssp.postmatric.karnataka.gov.in/,For Karnataka Students Only,All Streams,state,Partial Tution Fee,,Available
Karnataka Fee Reimbursement Scheme,https://ssp.postmatric.karnataka.gov.in/,For Karnataka Students Only,All Streams,state,Partial Tution Fee,,Available
Karnataka Incentive for SSLC Students,https://ssp.postmatric.karnataka.gov.in/,For Karnataka Students Only,All Streams,state,Partial Tution Fee,,Available
West Bengal Swami Vivekananda Merit Cum Means Scholarship,https://svmcm.wbhed.gov.in/,For West Bengal Students Only,All Streams,state,Partial Tution Fee,,Available
West Bengal Oasis Scholarship SC ST OBC,https://oasis.gov.in/,For West Bengal Students Only,All Streams,state,Partial Tution Fee,,Available
West Bengal Kanyashree Scholarship,https://wbkanyashree.gov.in/,For West Bengal Students Only,All Streams,state,Partial Tution Fee,,Available
Gujarat Mukhyamantri Yuva Swavalamban Yojana,https://www.digitalgujarat.gov.in/,For Gujarat Students Only,All Streams,state,Partial Tution Fee,,Available
Gujarat Post Matric Scholarship,https://www.digitalgujarat.gov.in/,For Gujarat Students Only,All Streams,state,Partial Tution Fee,,Available
Gujarat Chief Minister Scholarship Scheme,https://www.digitalgujarat.gov.in/,For Gujarat Students Only,All Streams,state,Partial Tution Fee,,Available
Rajasthan CM Higher Education Scholarship Scheme,https://sso.rajasthan.gov.in/,For Rajasthan Students Only,All Streams,state,Partial Tution Fee,,Available
Rajasthan Post Matric Scholarship,https://sso.rajasthan.gov.in/,For Rajasthan Students Only,All Streams,state,Partial Tution Fee,,Available
Rajasthan Devnarayan Scholarship Scheme,https://sso.rajasthan.gov.in/,For Rajasthan Students Only,All Streams,state,Partial Tution Fee,,Available
Uttar Pradesh Post Matric Scholarship,https://scholarship.up.gov.in/,For Uttar Pradesh Students Only,All Streams,state,Partial Tution Fee,,Available
Uttar Pradesh Dashmottar Scholarship,https://scholarship.up.gov.in/,For Uttar Pradesh Students Only,All Streams,state,Partial Tution Fee,,Available
Uttar Pradesh Pre Matric Scholarship,https://scholarship.up.gov.in/,For Uttar Pradesh Students Only,All Streams,state,Partial Tution Fee,,Available
Madhya Pradesh Gaon Ki Beti Scholarship,https://scholarshipportal.mp.nic.in/,For Madhya Pradesh Students Only,All Streams,state,Partial Tution Fee,,Available
Madhya Pradesh Vikramaditya Scholarship,https://scholarshipportal.mp.nic.in/,For Madhya Pradesh Students Only,All Streams,state,Partial Tution Fee,,Available
Madhya Pradesh Pratibha Kiran Scholarship,https://scholarshipportal.mp.nic.in/,For Madhya Pradesh Students Only,All Streams,state,Partial Tution Fee,,Available
Bihar Post Matric Scholarship,https://medhasoft.bih.nic.in/,For Bihar Students Only,All Streams,state,Partial Tution Fee,,Available
Bihar Chief Minister Kanya Utthan Yojana,https://medhasoft.bih.nic.in/,For Bihar Students Only,All Streams,state,Partial Tution Fee,,Available
Bihar Mukhyamantri Medhavi Yojana,https://medhasoft.bih.nic.in/,For Bihar Students Only,All Streams,state,Partial Tution Fee,,Available
Punjab Post Matric Scholarship SC,https://scholarships.punjab.gov.in/,For Punjab Students Only,All Streams,state,Partial Tution Fee,,Available
Punjab Merit Scholarship Scheme,https://scholarships.punjab.gov.in/,For Punjab Students Only,All Streams,state,Partial Tution Fee,,Available
Punjab Ashirwad Scholarship Scheme,https://scholarships.punjab.gov.in/,For Punjab Students Only,All Streams,state,Partial Tution Fee,,Available
Haryana Post Matric Scholarship SC BC,https://harchhatravratti.haryana.gov.in/,For Haryana Students Only,All Streams,state,Partial Tution Fee,,Available
Haryana State Merit Scholarship,https://harchhatravratti.haryana.gov.in/,For Haryana Students Only,All Streams,state,Partial Tution Fee,,Available
Haryana Consolidated Stipend Scheme,https://harchhatravratti.haryana.gov.in/,For Haryana Students Only,All Streams,state,Partial Tution Fee,,Available
Odisha Biju Yuva Sashaktikaran Yojana,https://scholarship.odisha.gov.in/,For Odisha Students Only,All Streams,state,Partial Tution Fee,,Available
Odisha Post Matric Scholarship,https://scholarship.odisha.gov.in/,For Odisha Students Only,All Streams,state,Partial Tution Fee,,Available
Odisha Junior Merit Scholarship,https://scholarship.odisha.gov.in/,For Odisha Students Only,All Streams,state,Partial Tution Fee,,Available
Chhattisgarh Post Matric Scholarship,https://postmatric-scholarship.cg.nic.in/,For Chhattisgarh Students Only,All Streams,state,Partial Tution Fee,,Available
Chhattisgarh Chief Minister Scholarship,https://postmatric-scholarship.cg.nic.in/,For Chhattisgarh Students Only,All Streams,state,Partial Tution Fee,,Available
Jharkhand eKalyan Post Matric Scholarship,https://ekalyan.cgg.gov.in/,For Jharkhand Students Only,All Streams,state,Partial Tution Fee,,Available
Jharkhand Chief Minister Scholarship,https://ekalyan.cgg.gov.in/,For Jharkhand Students Only,All Streams,state,Partial Tution Fee,,Available
Kerala eGrantz Scholarship,https://egrantz.kerala.gov.in/,For Kerala Students Only,All Streams,state,Partial Tution Fee,,Available
Kerala Merit Scholarship,https://egrantz.kerala.gov.in/,For Kerala Students Only,All Streams,state,Partial Tution Fee,,Available
Tamil Nadu BC MBC Scholarship,https://tnscholarship.tn.gov.in/,For Tamil Nadu Students Only,All Streams,state,Partial Tution Fee,,Available
Tamil Nadu First Graduate Scholarship,https://tnscholarship.tn.gov.in/,For Tamil Nadu Students Only,All Streams,state,Partial Tution Fee,,Available
Tamil Nadu Chief Minister Scholarship,https://tnscholarship.tn.gov.in/,For Tamil Nadu Students Only,All Streams,state,Partial Tution Fee,,Available
Telangana Post Matric Scholarship,https://telanganaepass.cgg.gov.in/,For Telangana Students Only,All Streams,state,Partial Tution Fee,,Available
Telangana Pre Matric Scholarship,https://telanganaepass.cgg.gov.in/,For Telangana Students Only,All Streams,state,Partial Tution Fee,,Available
Andhra Pradesh Jagananna Vidya Deevena,https://epass.apcfss.in/,For Andhra Pradesh Students Only,All Streams,state,Partial Tution Fee,,Available
Andhra Pradesh Pre Matric Scholarship,https://epass.apcfss.in/,For Andhra Pradesh Students Only,All Streams,state,Partial Tution Fee,,Available
Assam Pragyan Bharati Scheme,https://directorateofhighereducation.assam.gov.in/,For Assam Students Only,All Streams,state,Partial Tution Fee,,Available
Assam Post Matric Scholarship,https://directorateofhighereducation.assam.gov.in/,For Assam Students Only,All Streams,state,Partial Tution Fee,,Available
Uttarakhand Post Matric Scholarship,https://scholarship.uk.gov.in/,For Uttarakhand Students Only,All Streams,state,Partial Tution Fee,,Available
Uttarakhand Pre Matric Scholarship,https://scholarship.uk.gov.in/,For Uttarakhand Students Only,All Streams,state,Partial Tution Fee,,Available
Himachal Pradesh Post Matric Scholarship,https://hpepass.cgg.gov.in/,For Himachal Pradesh Students Only,All Streams,state,Partial Tution Fee,,Available
Himachal Pradesh Pre Matric Scholarship,https://hpepass.cgg.gov.in/,For Himachal Pradesh Students Only,All Streams,state,Partial Tution Fee,,Available
Delhi Merit Cum Means Scholarship,https://edistrict.delhigovt.nic.in/,For Delhi Students Only,All Streams,state,Partial Tution Fee,,Available
Delhi Post Matric Scholarship,https://edistrict.delhigovt.nic.in/,For Delhi Students Only,All Streams,state,Partial Tution Fee,,Available
Goa Dayanand Bandodkar Scholarship,https://goascholarship.gov.in/,For Goa Students Only,All Streams,state,Partial Tution Fee,,Soon
Tripura Post Matric Scholarship,https://scholarship.tripura.gov.in/,For Tripura Students Only,All Streams,state,Partial Tution Fee,,Soon
Meghalaya Post Matric Scholarship,https://megeducation.gov.in/,For Meghalaya Students Only,All Streams,state,Partial Tution Fee,,Soon
Arunachal Pradesh Post Matric Scholarship,https://scholarity.arunachal.gov.in/,For Arunachal Pradesh Students Only,All Streams,state,Partial Tution Fee,,Soon
Arunachal Pradesh Pre Matric Scholarship,https://scholarity.arunachal.gov.in/,For Arunachal Pradesh Students Only,All Streams,state,Partial Tution Fee,,Soon
,,,,,,,
,,,,,,,
,,,,,,,
AICTE Pragati Scholarship for Girls,https://www.aicte.gov.in/schemes/students-development-schemes/Pragati/General-Instructions,Girls students diploma and degree,"Diploma, BE/BTech",loan,"₹50,000/year",,Available
AICTE Saksham Scholarship,https://www.aicte.gov.in/schemes/students-development-schemes/Saksham/General-Instructions,Differently abled students,"Diploma, BE/BTech",loan,"₹50,000/year",,Available
AICTE Swanath Scholarship,https://www.aicte.gov.in/schemes/students-development-schemes/Swanath/General-Instructions,Orphan or covid affected students,"Diploma, BE/BTech",loan,"₹50,000/year",,Available
AICTE PG Scholarship GATE GPAT,https://www.aicte.gov.in/schemes/students-development-schemes/PG-Scholarship-Scheme/General-instruction,PG students with GATE or GPAT,"MTech, MPharm",loan,"₹12,400/month",,Available
VLS Interest Free Loan Scheme,https://sites.google.com/site/mulundrotaryvls/home,12th passed,ALL Streams,loan,"₹60,000/year",,Available
tulsianitrus,https://tulsianitrust.com/how-can-we-help-you/,Passed Exams With High Scores,All Streams,loan,"₹60,000/year",,Available
MESCO HCES Scheme,,Student From Weaker Section Background income < 2.5L,ALL Streams,loan,"₹60,000/year",,
Sahu Jain Trust,http://sahujaintrust.timesofindia.com/,12th / Both / 60% / No Income Limit,All Streams,loan,"₹2,500 to  ₹25,000 per year",,Available
Met Loan Scholarship,https://www.met.edu/institute/institute_of_post_graduate_diploma_in_management/education_loan_and_scholarship,12/SY / Pref Girls / Percentage Above 60% ,"Engineering,, Law, Medical",Online/Post,Not specified,,Available
Central Sector Interest,https://xn--i1bj3fqcyde.xn--11b7cb3a6a.xn--h2brj9c/category/education-learning/subcategory/grants-loans-scholarships/details/central-sector-interest-subsidy-csis-in-education-loan,Students of 12th (Female & Male) with family income less than 4.5L are eligible.,Professional/Technical,loan,Interest Subsidy,,Available
Padho Pardesh,https://xn--i1bj3fqcyde.xn--11b7cb3a6a.xn--h2brj9c/hi/category/education-learning/subcategory/grants-loans-scholarships/details/scheme-of-padho-pardesh-in-education-loan,Undergraduate (UG) students (Female & Male) with family income less than 6L are eligible.,PG Overseas,loan,Interest Subsidy,,Available